{"cameraMode":{"drawMode":0,"name":"Shaded","section":"Shading Mode"},"sceneLighting":true,"audioPlay":false,"sceneViewState":{"showFog":true,"showMaterialUpdate":false,"showSkybox":true,"showFlares":true,"showImageEffects":true,"showParticleSystems":true},"in2DMode":false,"pivot":{"x":-15.27094841003418,"y":48.68579864501953,"z":-121.05692291259766},"rotation":{"x":0.39490416646003725,"y":0.42430368065834048,"z":-0.21303603053092957,"w":0.7865321040153503},"size":24.150548934936525,"orthographic":false}